Department, Registration Number, Doctor Name, Specialization, Fee
"","MD0270","LT. COL. B. HARI KRISHNAN","ORTHOPAEDIC SURGEON","700"
"","MD0324","D.BAGCHI,MS(CAL)","GENERAL SURGERY","0"
"","MD0435","M. KHAKLARI","","0"
"","MD0592","P.D.BHUTIA,MD.","","0"
"","MD0211","SMITA DAS GHOSE (MS GYNAE)","","0"
"","MD0051","VISHANT DEO MS","","0"
"","MD1133","DEBI PRASAD DAS MS,MCH","","0"
"","MD1186","ARCHISHMAN DAS","","0"
"","MD0695","S.K.BUDHIA, MS.","GENERAL SURGEON","800"
"","MD0747","T.N.RAJAK","","0"
"","MD0748","SAVITHA SARKAR,BDS.,MDS.","","0"
"","MD0749","SEBA CHAKRABARTI","","0"
"","MD0750","SUMANTA BANERJEE","","0"
"","MD0751","SEEMA ROY","","0"
"","MD0752","SEKHAR CHAKRABORTY,MD.","","800"
"","MD0753","PRAVEEN GOEL","","0"
"","MD0754","PRADIP KR.GUPTA,MS(ORTHO)","","600"
"","MD0755","SHANKHA SEN,MD.","","600"
"","MD0756","SHANTANU  DE, MD","PSYCHI8ATRY","0"
"","MD0757","SUJAY CHOUDHURY","","0"
"","MD0758","P.NATH.MD.DGO.","","0"
"","MD0759","SHARIQUE ( MGM )","","600"
"","MD0760","SHIVA KR.AGARWAL,MS(OPTH)","OPHTHALMOLOGIST","0"
"","MD0761","SHIVAJI BASU","","0"
"","MD0762","SHIVAJI DEY","","0"
"","MD0763","SHYAMAL BAR","","0"
"","MD0764","SHYAMAL CHATTERJEE","","300"
"","MD0765","SIDDHARTA SANKAR ROY,MD,DM,DNB","HEMATOLOGY","0"
"","MD0766","SILADITYA RAY,MD.","","0"
"","MD0767","SILIGURI DISTRICT HOSPITAL","","0"
"","MD0768","SIMA ROY","","0"
"","MD0769","N.SARKAR BDS","","0"
"","MD0770","SIRSHENDU PAUL","","0"
"","MD0771","SOMI DEY SARKAR","","0"
"","MD0772","SRIRUPA BHATTACHARYYA","","0"
"","MD0773","SUBAL DUTTA","","0"
"","MD0774","SHUBARNA PAUL,MBBS.","GENERAL PHYSICIAN","0"
"","MD0775","SUBHRA BISWAS","","600"
"","MD0776","SUBIR BHAWMICK","PAEDIATRICIAN","0"
"","MD0777","SUBRATA BASU,MD.","","600"
"","MD0778","SUDEB SANYAL, MS","ORTHOPAEDIC & GENERAL SURGEON","0"
"","MD0779","SUDHIR. MD.","","0"
"","MD0780","SUDIP NATH","","0"
"","MD0781","SUDIP SEN","","0"
"","MD0782","SUJAN KUMAR MANDAL","","0"
"","MD0783","SUJAY BISHNU","","500"
"","MD0784","SUJIT DEB, DM.","NEUROLOGIST","0"
"","MD0785","A.MAJUMDAR","","0"
"","MD0786","SUKHEN KUMAR SAHA","","0"
"","MD0787","SUKNA HOSPITAL","","0"
"","MD0788","K.N.CHATTERJEE","","0"
"","MD0789","SUMANA BARUA","","0"
"","MD0790","SUMANTA MUKHERJEE","","0"
"","MD1132","SHARMI DEY MBBS,MS(OBG)","","500"
"","MD0746","SAUMI  DEY","","0"
"","MD0791","SUNITA AGARWAL","","0"
"","MD0793","SUPRATIK BANERJEE,MS.(OPHTH.)","OPHTHALMOLOGIST","0"
"","MD0794","SURAJIT NANDY","","0"
"","MD0795","SURESH CHANDRA","","0"
"","MD0796","SUSHIL KUMAR AGARWAL","","0"
"","MD0797","SUTAPA DAS","","0"
"","MD0798","SWAPAN KR.ROY","","0"
"","MD0799","T .K. GHOSH (SILIGURI DISTRICT HOSPITAL)","","0"
"","MD0800","T. K. CHAKRABORTY","","0"
"","MD0801","T. PAUL, MS","","0"
"","MD0802","T.BANERJEE","","0"
"","MD0803","T.CHAKRABORTY","","0"
"","MD0804","T.K KAR","","0"
"","MD0805","T.K. BISWAS","","0"
"","MD0806","BAJRANG AGARWAL","","0"
"","MD0807","T.K.CHATTERJEE, MD.","","0"
"","MD0808","T.K.CHOUDHURY","","1000"
"","MD0809","ALOK KUMAR TIWARI, MS, MCH","","0"
"","MD0810","T.S.BISWAS","","0"
"","MD0811","TANKA PD. BARAKOTI","","0"
"","MD0812","V. K. JASWAL","","600"
"","MD0813","SREYASHU SEN, DCH","PAEDIATRICIAN & NEONATOLOGIST","600"
"","MD0814","TANUSHRI R. PITTER, DCH.","PAEDIATRICIAN","0"
"","MD0815","TANWEER AHMAD","","0"
"","MD0816","TAPAN CHATTERJEE","","0"
"","MD0817","TAPAN MAITRA","","0"
"","MD0818","TAPAS BHATTACHARYYA","","0"
"","MD0819","TAPAS KUMAR HAR","","0"
"","MD0820","TAPAS MAITRA","","0"
"","MD0821","TAPASH ROY CHOUDHARY","","0"
"","MD0822","THOMAS A.CHANDI","","600"
"","MD0823","NARAYAN AGARWAL","","0"
"","MD0824","U.B.MANDAL","","0"
"","MD0825","ALO","","0"
"","MD0826","K.K.UPADHYAY","","700"
"","MD0827","UDAY SANKAR, MS.(ORTHO.)","ORTHOPAEDIC SURGERY","400"
"","MD0828","B.K BISWAS MBBS","","0"
"","MD0829","UJJAL CHATTERJEE, DCH.","PAEDIATRICIAN","500"
"","MD0830","MUKESH CHHETRI, BDS","DENTAL","0"
"","MD0831","UMESH KUMAR BANSAL.BPT.MIAP.MFIMT","","0"
"","MD0832","ATUL BAID  MD","MEDICINE","0"
"","MD0833","V.K.AGARWAL","","0"
"","MD0834","V.RAMASUBRAMANIAN","","0"
"","MD0835","VED ARYA","","600"
"","MD0836","VIJAY GOYAL,MD","","700"
"General Surgery","MD0837","VIVEK SARKAR, MS.","GENERAL SURGERY","700.00"
"","MD0838","R.N.BHATTACHARYA, MD.","","600"
"","MD0839","W H CHANG","","600"
"","MD0840","YAMUNA SHARMA,MS.","","500"
"","MD0841","SATYARTH CHAUDHARY,MD,DM","GASTROENTEROLOGY & HEPATOLOGY","0"
"","MD0842","SUKANTA MONDAL,MD.","","0"
"","MD0436","M. L. DEBNATH","","0"
"","MD0437","MANJIT KUMAR, PGT","MEDICINE","0"
"","MD0438","M.A. KHALEQUE","","300"
"","MD0439","RANJAN PRADHAN, MD.(AIIMS)","OPHTHALMOLOGIST","0"
"","MD0440","M.BANDHYOPADHYAY,BDS.","","0"
"","MD0441","M.BHANDARI , D ( ORTHO )","","0"
"","MD0442","M.DUBEY","","600"
"","MD0443","BIPUL DAS, DOMS","OPHTHALMOLOGIST","0"
"","MD0444","OF SSB THAKURGANJ","","0"
"","MD0445","M.K.SHARMA, MD.","DERMATOLOGIST","0"
"","MD0446","M.L.DEBNATH","","0"
"","MD0447","M.M.YASIM","","0"
"","MD0448","M.MUKHERJEE","GYNAECOLOGY","0"
"","MD0449","M.N. BISWAS","","0"
"","MD0450","M.S. RANA","","0"
"","MD0451","M.S.AKHTER","","0"
"","MD0452","M.S.NANDI","","0"
"","MD0453","MAJ SREENIVASAS","","0"
"","MD0454","MAJ. SANGITA SINGH","","0"
"","MD0455","MAJ.DON PAUL","NULL","0"
"","MD0456","MAJOR MADHU SAHA","","0"
"","MD0457","MAL SUB-DIVISIONAL HOSPITAL JALPAIGURI","","600"
"","MD0458","MALAY CHAKRABORTY, MS.MCH","NEUROSURGERY","0"
"","MD0459","MALAY ROY,MD,DMD.","","0"
"","MD0460","MALBAZAR SUB.DIVISION HOSPITAL","","700"
"","MD0461","MANAS KUMAR DAS, MD.","PHYSICIAN","0"
"","MD0462","DIBAKAR SINHA, MBBS, DL.","","700"
"","MD0463","CHODEN NORBU, MS, MCH","PLASTIC & COSMETIC SURGEON","600"
"","MD0464","MANISH KUMAR","ANESTHESIST","0"
"","MD0465","MANISHA AGARWAL","","0"
"","MD0466","N.N.DHALI","","0"
"","MD0467","MANOJ CINTURY","","0"
"","MD0468","M.GANGOPADHYAY, MD","CONSULTANT PATHOLOGIST","0"
"","MD0469","MAJOR RAJEEV SAXENA","MEDICINE","0"
"","MD0470","MATHABHNAGA SD. HOSPITAL","","0"
"","MD0471","MD. PERWAIZ EQUBAL","","0"
"","MD0472","MD. SHAMIM ALI","","0"
"","MD0473","MD.ARIF,MS","","0"
"","MD0474","MEEWANGYAL YALMO","","0"
"","MD0475","MIHIR KR.CHOUDHURY","","0"
"","MD0476","MIRA AGARWAL","","0"
"","MD0477","MOHAN LAL JAIN , MD.","","1000"
"","MD0478","EMERGENCY NIGHT VISIT","","0"
"","MD0479","MONIKA AGARWAL.","","0"
"","MD0480","MRIDULA CHATTERJEE,MBBS.MD.","PAEDIATRICS","0"
"","MD0481","MRS. A. BHATTARCHARJEE","","0"
"","MD0482","MRS. S.D. SARKAR (MO)","","0"
"","MD0483","N. BHADRA","","0"
"","MD0484","N. K. JHA","","0"
"","MD0485","N. M PRASAD","","0"
"","MD0486","N. M. BISWAS","","0"
"","MD0487","N. SARKAR","","0"
"","MD0593","K.P.MANDAL","","0"
"","MD0594","P.K SAHA","","0"
"","MD0595","P.K. DAS","","0"
"","MD0596","P.K. GHOSH","","0"
"","MD0597","P.K. MAZUMDAR","","0"
"","MD0598","P.K.CHATTERJEE","","0"
"","MD0599","PALASH SAHA(MGM)","","400"
"","MD0600","BHASKAR ROY,MD","FIPM","0"
"","MD0601","P.M. CHHETRI,MD.","","0"
"","MD0602","P.N. SINHA","","0"
"","MD0603","P.P. BHATTACHARJEE","","0"
"","MD0604","P.R. SEN","","0"
"","MD0605","P.ROY","","0"
"","MD0606","PADMA PRASANNA KUMAR","","600"
"","MD0607","PANKAJ BHARDWAJ,MS.MCH.","","0"
"","MD0608","PANKAJ KUMAR MISHRA","","600"
"","MD0609","PANKAJ KUMAR,MS(ORTHO)","ORTHOPAEDIC SURGEON","0"
"","MD0610","PANKAJ PAUL","","0"
"","MD0611","PARAMOUNT HEALTH CHECK-UP","","0"
"","MD0612","PARITOSH HANSDA, B.D.S","","0"
"","MD0613","PARTHA PRATIM DAS","","0"
"","MD0614","DAWA TSHERING BHUTIA","","0"
"","MD0615","PARVEZ  KUMAR","","0"
"","MD0616","PASSANG D. PHENPO","","0"
"","MD0617","PEMPA TSHERING BHUTIA","","0"
"","MD0618","J.K.HANSDA","","0"
"","MD0619","PIJUSH KR.ROY","","0"
"","MD0620","R.P.DOKANIA.D.ORTHO,MS(ORTHO)","","0"
"","MD0621","PITAMBER THAKUR (MECHI ZONAL HOSPITAL)","","0"
"","MD0622","PRABIR KUMAR DEB M.D.","","0"
"","MD0623","SHAMIK CHAUDHURI","","0"
"","MD0624","PRAKASH KARKI","","0"
"","MD0625","DEEPAK GUPTA","","0"
"","MD0626","PRALAY KUMAR PANDIT","","0"
"","MD0627","S.KUNDU,MS.ORTHO.","","0"
"","MD0628","PRAMOD JHA MGM","","0"
"","MD0629","PRANAY KUNAL","","0"
"","MD0630","PRASAD NHPC","","0"
"","MD0631","PRASANTA PAUL","","0"
"","MD0632","PRAVESH AGARWAL","","600"
"","MD0633","PROF S.P BANERJEE, MS, FRCS","","0"
"","MD0634","PROF. SAMAR DEB","","0"
"","MD0635","PULAK KR.JANA,MD.","","600"
"","MD0636","R. BANDYOPADHYAY","","600"
"","MD0637","R. K. LOHIA, DCH, MD","","600"
"","MD0638","R. SAHA, MD","","0"
"","MD0639","R.K. CHAKRABORTY M.D.","","0"
"","MD0640","R.K. CHOUDHURY (MECHI HOSPITAL)","","500"
"","MD0641","L.P MAINALI","","0"
"","MD0642","V.PUJARI","","0"
"","MD0643","R.K.AGARWAL, MS","","0"
"","MD0644","RAMENDRA KR.DAS","","0"
"","MD0645","R.K.KHANDELWAL","","500"
"","MD0646","APON JYOTI DAS","MBBS","250"
"","MD0212","A.K.BISWAS","","0"
"","MD0213","A.K.GHORAMI","","1000"
"","MD0214","PARTHA PRATIM PAN, MD","RHEUMATOLOGIST & REHAB SPECIALIST","300"
"","MD0215","A.K.MAJHI","","0"
"","MD0216","A.K.SASMAL, MS ( ORTHO )","ORTHOPAEDIC SURGERY","0"
"","MD0217","A.KOLE,MD.","","0"
"","MD0218","A.KUNDU ( SD HOSPITAL ISLAMPUR )","","0"
"","MD0219","A.N.SARKAR","","0"
"","MD0220","A.P.SAHA","","0"
"","MD0116","M.IRENE DEY","","0"
"","MD0117","SOUMYA ROY CHAUDHURY","","0"
"","MD0118","SOUMIK BANDYOPADHAY","","0"
"","MD0119","MANISHA DUBEY","","0"
"","MD0120","DR IRFAN (M.S)","","0"
"","MD0121","JISHNU SANKAR ROY BASUNIA","","0"
"","MD0122","SREYASI SEN MD,DCH","","0"
"","MD0123","ALOK KALYANI (MAHESHWARI)","","0"
"","MD0124","SOUMISH SENGUPTA ,MS","","0"
"","MD0125","MOHIT TANK MAJ AMC","","300"
"","MD0126","RMO","rmo","1000"
"","MD0127","ANUP BISWAS ,MS,MCH (UROLOGY)","","800"
"","MD0128","AMLAN JYOTII ROY, MS(ORTHO)","","0"
"","MD0129","AYUSH JAIN MD","","1000"
"","MD0130","AYUSH JAIN, MD","PULMONOLOGIST","800"
"","MD0131","PARTHA PRATIM SAHA,MS (ENT)","","0"
"","MD0132","PARTHA PRATIM SAHA ,MS","","1000"
"","MD0133","AKASH JAISWAL, MD,DM","","0"
"","MD0134","D.SAMADDAR MS","","800"
"","MD0135","SNEHASIS GUPTA MD.","","0"
"","MD0136","ANKIT JUDE KINDO MBBS","","0"
"","MD0137","ANUP KHAREL MBBS","","0"
"","MD0138","SOHAM BHAUMIK","","900"
"","MD0139","SUJIT GUPTA, MD (PULMONOLOGY)","","0"
"","MD0140","R.K DAS","","0"
"","MD0141","AMJAD HUSSAIN MS","","0"
"","MD0142","DEBORSHI SENGUPTA, MBBS.DGO","","0"
"","MD0143","INDRANIL SEN MD,DNB","","0"
"","MD0144","S. GHOSH","","0"
"","MD0145","SAPTARSAHI MAHALANABISH","","0"
"","MD0146","THENDUP TSH . BHUTIA,M.B.B.S","","0"
"","MD0147","SUSHIL K CHAKO","","0"
"","MD0148","UJJWAL KUMAR ROY ,M . D.","","0"
"","MD0149","VARSHA TIGGA , MBBS , MS","","0"
"","MD0150","C.P SHARMA MD","","900"
"","MD0151","UJJAL KUMAR KEJRIWAL","","0"
"","MD0152","UJJA","","0"
"","MD0153","P . DAS MAHAPATRA","","0"
"","MD0154","SANGEETA JANA MD,DM","","0"
"","MD0155","PUSKAR SHYAM CHOWDHURY","","0"
"","MD0156","SUJAN SARKAR","","0"
"","MD0157","RABI SHANKAR AGARWAL","","800"
"","MD0158","KUNAL ROY, MD (DERMOTOLOGY)","","0"
"","MD0159","SUJIT KUMAR DEY","","0"
"","MD0792","SUNITA GUPTA","","600"
"","MD0895","BIKASH KHADKA","","1000"
"","MD0896","JHULANA KUMAR JENA, MCH(CTVS)","","600"
"","MD0897","R.P.ROY, MD.DM.","GASTROENTROLOGIST","0"
"","MD0898","ARUN KUMAR GUPTA","","0"
"","MD0899","OF KOTAK LIFE INSURANCE","","0"
"","MD0900","G.P.NAYEK, DCH.,MD","","0"
"","MD0901","P.K.JANA,MD","","0"
"","MD0902","AVIJIT CHOUDHURY","","0"
"","MD0903","K.N.AHMED,MS","","1000"
"","MD0904","KAILASH GOYEL MD, DM","","0"
"","MD0905","C.K.CHAND","","0"
"","MD0906","N.KARJYI","","0"
"","MD0907","SUMAN GURUNG, MD","","0"
"","MD0908","LT.COL.BAWEJA","","0"
"","MD0909","M.SIRAJUDDIN","","0"
"","MD0910","KALPANA BHADRA","","0"
"","MD0911","J.ROY CHOWDHURY","","0"
"","MD0912","A.B.TARAFDAR,MD.IRMS","MEDICINE","600"
"","MD0913","M. K. SHARMA, MD","DERMATOLOGIST","0"
"","MD0914","D.MAJUMDAR","","0"
"","MD0915","S.TANWIR ALAM","","0"
"","MD0916","AMRITAKSHA DEB,MD","","0"
"","MD0917","A.CHOWDHURY (KHORIBARI RURAL HOSPITAL)","","0"
"","MD0918","NAWAB ALAM (KANKAI HOSPITAL, NEPAL)","","0"
"","MD0919","K.S.ANAND, MS (ORTHO)","","0"
"","MD0920","SWETA AGARWAL","","0"
"","MD0921","R.K.PHANGCHOH","","0"
"","MD0922","MAJOR BIKSHAPATHY","MEDICINE","0"
"","MD0923","N.HUSSAIN","","0"
"","MD0924","ARUNANGSHU SHEEL","","500"
"","MD0925","NEELAM SINGHLA, MD (GYNAE)","","0"
"","MD0926","P.KALSAR","","0"
"","MD0927","A.K.BERA","","0"
"","MD0928","PRABAL DUTTA","","0"
"","MD0929","SUPARNA ROY","","0"
"","MD0930","P.C.SINGH","","0"
"","MD0931","MAJ.A.K.SHAH","","0"
"","MD0932","SOUDIP SINHA","","0"
"","MD0933","PAHARI GHOSH,MD.","","0"
"","MD0934","PINAKI SARKAR","","0"
"","MD0935","MD.MUKHTAR ALAM","","0"
"","MD0936","SATYENDRA PD.SINGH","","0"
"","MD0937","T.K.MOITRA","","0"
"","MD0938","SUBARNA ROY","","0"
"","MD0939","ASHOK KR.SINGH","","0"
"","MD0940","PARESH NATH,MD.","GYNAECOLOGY","0"
"","MD0941","C.MITRA","","0"
"","MD0942","PARESH NATH","","0"
"","MD0943","ANKUR TAYAL, MD","MEDICINE","0"
"","MD0944","VASEEM AHMED","","0"
"","MD0945","RAJEEV RAMAN ,MS","","0"
"","MD0946","PLABAN DAS MD","","0"
"","MD0947","A.K.KHERA","MD,DNB","0"
"","MD0948","SIDDHARTHA BISWAS","","500"
"","MD0949","B.L SHARMA MBBS M.S","PHYSICIAN & SURGEON","800"
"","MD0950","ROHIT KUMAR, MS, MCH (CTVS)","CARDIO-THORACIC & VASCULAR SURJERY","0"
"","MD0951","P.K DEB","","300"
"","MD0952","SAMIT KUMAR KHUTIA,MD","","0"
"","MD0953","A.DAS GUPTA MD","","0"
"","MD0954","ANWARUL KABIR","","1200"
"","MD0955","VIJAY PRASAD BANIA","MBBS DLO","0"
"","MD0956","RAJESH KUMAR,MS(ORTHO)","","600"
"","MD0957","NITIN NAYAK,MDS","","0"
"","MD0958","SIDDHARTHA R.BASAK","","0"
"","MD0959","DEBJIT PAL,MS.","","0"
"","MD0960","DIPANKAR SINGHA","","0"
"","MD0961","B.R.DHAR","","0"
"","MD0962","GAVESHANA RAI,BDS.","","300"
"","MD0963","RADHESHYAM MAHATO, MS(ENT)","","0"
"","MD0964","LT CDR APARAJITA GUPTA","","0"
"","MD0965","HITESH KR.AGARWAL,BDS","","600"
"","MD0966","SAMARTH AGARWAL MS, MCH","Urologist","0"
"","MD0967","SUMAN MUKHERJEE","","0"
"","MD0968","NABIN KARN","","1000"
"","MD0969","VIVEK GAURAV,MD DM","","0"
"","MD0970","S.P.SINGH","","0"
"","MD0971","RABINDRA NARAIN SINGH","","0"
"","MD0972","S.AZMAT HUSSAIN","","0"
"","MD0973","ANWAR HUSSAIN,MD.","","0"
"","MD0974","SUKALYAN CHHAULE,D.ORTHO.","","0"
"","MD0975","VISHAL TEWARI,MS.ORTHO","","0"
"","MD0976","PRABHAKAR KUMAR,D.ORTHO.","","0"
"","MD0977","AMRENDRA KUMAR","","0"
"","MD0978","MD.ABDULLAH,BDS.","","0"
"","MD0979","FARWAD SILWAL,BDS.","","0"
"","MD0980","SHOVANA GYAWALI","","0"
"","MD0981","ABHED BISWAS,MD.","","0"
"","MD0982","D.P.DAS,M.S","","0"
"","MD0983","F.R.MAJHI.MS.ORTHO.","","0"
"","MD0984","DILIP KUMAR,MD.","","0"
"","MD0985","CAPT.SUNNY BANGA","","0"
"","MD0986","CAPT.PANKAJ JUNEJA","","0"
"","MD0987","SAUMYAJIT SINHA","","0"
"","MD0988","RASIKH M.A.ALIM","","0"
"","MD0989","PRAKASH RAY","","0"
"","MD0990","AMIT AGARWAL","","0"
"","MD0991","OF NOBEL HOSPITAL, BIRATNAGAR,NEPAL","","0"
"","MD0992","P.L. AGARWAL","","0"
"","MD0993","SAUMITRA SAHA,MS.FRCS","","1000"
"","MD0994","RAJAN MONDAL,MBBS","MEDICAL OFFICER","0"
"","MD0995","OF CRPF MEDICAL","","0"
"","MD0996","CAPT.S.K.SANTRA","","600"
"","MD0997","P NATH,MD (GYNAE)","","0"
"","MD0998","A.K.SARKAR","","800"
"","MD0999","DIPANKAR CHAKRABORTY,MD","PHYSICIAN","800"
"","MD1000","LINA,MS.","NEUROVASCULAR SURGEON","0"
"","MD1001","MALLIKA MUKHERJEE","","0"
"","MD1002","SANAT KR. BANIK","","0"
"","MD1003","MD.SHAFIQUE ALAM,MS.D.ORTHO.","","0"
"","MD1004","G.P.SAPKOTA","","600"
"","MD1005","RAJESH GOEL, MS","","600"
"","MD1006","P. KUMAR","","0"
"","MD1007","OF HERITAGE HOSPITAL","","500"
"","MD1008","JAYANTA GOGOI","","500"
"","MD1009","ANIL KR. DWIVEDI, MD","","0"
"","MD1010","YOGESH GHIMIREY,MD","","1000"
"","MD1011","EMERGENCY DOCTOR VISIT","","0"
"","MD1012","DR OF NBMCH","","300"
"","MD1013","DR OF OIL INDIA","","300"
"","MD1014","BIKASH MANDAL, MS","","300"
"","MD1015","KALYAN MANDAL, MS","","0"
"","MD1016","N. K. SHARMA, MD","","300"
"","MD1017","S.MAHATO, MS","","0"
"","MD1018","LT. COL. SAURABH BHATIA","","800"
"","MD1019","RAJIV KR. AGARWAL, MD, PAED.","PAEDIATRICS","0"
"","MD1020","PRASHANT KR. VATSA","","0"
"","MD1021","G. P. PANDEY ( ORTHO)","","0"
"","MD1022","AMLANJYOTI ROY,MS(ORTHO)","","800"
"","MD1023","ANJAN BHATTACHARYA","PAEDIATRICIAN","600"
"","MD1024","SOHINI BHATTACHARJEE,MD","GYNAECOLOGY & OBSTETRICIAN","700"
"","MD1025","V. S RATHORE","MS, MCH(PLASTIC SURGERY)","800"
"","MD1026","SAMRAT DUTTA","MD","500"
"DENTAL","MD1027","SAJAL BISWAS,MS.MCH.","NEUROSURGERY","700"
"","MD1028","NAMCHI HOSPITAL","","0"
"","MD1029","MD.BADRUL ALAM","","0"
"","MD1030","A.K.SINHA","","0"
"","MD1031","ALI HAIDER","","1000"
"","MD1032","VISHAL GOLAY,MD.DNB.DM.","NEPHROLOGY","0"
"","MD1033","ASISH SARKAR,MBBS.","","0"
"","MD1034","G.S.BANERJEE,MBBS.D.OTHO.","ORTHOPAEDIC SURGEON","1000"
"","MD1035","INDRANATH GHOSH,MD.","CHEST PHYSICIAN","500"
"","MD1036","SANGEY CHHOPHEL LAMTHA,DM.","GASTROENTEROLOGY","0"
"","MD1037","PROF.(DR.)MRIDULA CHATTERJEE,MD.","","0"
"","MD1038","T.DAS BAIRAGYA,MD.","CHEST MEDICINE","0"
"","MD1039","A.N.RAY,DCH,MD.","PHYSICIAN","0"
"","MD1040","S.R.MITRA,D.ORTHO.MS.ORTHO.","ORTHOPAEDIC SURGEON","0"
"","MD1041","SANDIP PAL,MD.DM","","0"
"","MD1042","OF MATIGARA B.P.H.C","","0"
"","MD1043","JOYDEEP DEY.MD,DNB.","","0"
"","MD1044","P.K.MAITRA.","","300"
"","MD1045","B.L.BALA,MD.","PHYSICIAN","0"
"","MD1046","SOUMEN KANTI KUMAR.MS,MCH","","0"
"","MD1047","JAYITA DEY","","0"
"","MD1048","DEPENDRA KR. TIMSHINA,MD.","DERMOTOLOGY","0"
"","MD1049","OF KALIMPONG  SD HOSPITAL","","0"
"","MD1050","ASHISH KR. JHA,MD.DM.","GASTROENTEROLOGY","0"
"","MD1051","ANINDYA SAHA.D.ORTHO","","0"
"","MD1052","JOHN.W,MD","","0"
"","MD1053","T.K.PAL","","0"
"","MD1054","PROF.DR.BADRUL ALAM","","1000"
"","MD1055","AMAR MISHRA,MD.DNB.DM.","NEUROLOGY","0"
"","MD1056","KASHIF AHMAD,BPT.DHNE,MT.MIAP","PHYSIOTHERAPY","0"
"","MD1057","ATA HUSSAIN,B.D.H.(KOL)","","0"
"","MD1058","S.RANA.MD.(GYNAE)","","0"
"","MD1059","SAMARENDRA NATH.MD.","","0"
"","MD1060","OF PHANSIDEWA BPHC","","0"
"","MD1061","BADRUL ALAM,MS.(ORTHO.) PATNA","ORTHOPAEDIC SURGERY","0"
"","MD1062","KRISHNENDU DEB,MBBS.","","0"
"","MD1063","DIPANKAR GUPTA MD,DM","PAEDIATRICS","0"
"","MD1064","SUBARNA PAUL,MBBS","","0"
"","MD1065","MAINAK MUKHERJEE,BDS.","DENTAL","0"
"","MD1066","S.S.BHOJ,MS.","GENERAL SURGERY","0"
"","MD1067","JAGADISH BISWAS, OT ASST.","ASSISTANCE","0"
"","MD1068","SANJAY SARKAR.MBBS.","","0"
"","MD1069","JAHIRUL HOQUE","MEDICINE","0"
"","MD1070","S.ROY","GENERAL SURGEON","0"
"","MD1071","S.SARKAR","GENERAL PHYSICIAN","1000"
"","MD1072","A.GHOSH. MD","","1000"
"","MD1073","TSHERING DORJEE SHERPA, MS","ENT","1000"
"","MD1074","KAZI SAJJAD MANIR","ONCOLOGIST","500"
"","MD1075","A.I HUSSAIN","MD","500"
"","MD1076","NITISH KUMAR,MD","","200"
"","MD1077","K.ADHIKARI , MBBS","MEDICINE","0"
"","MD1078","G.NAG","MEDICINE","0"
"","MD1079","A.KABIR.MBBS","MEDICINE","0"
"","MD1080","S.P.DEY.MBBS","MEDICINE","0"
"","MD1081","R.K.JHA, MS(ORTHO)","ORTHOPAEDIC SURGERY","0"
"","MD1082","O.N.GUPTA, MBBS","MEDICINE","0"
"","MD1083","R.K.MONDOL, MD","DERMOTOLOGY","1200"
"","MD1084","HIRONMOY PAUL","GENERAL PHYSICIAN","0"
"","MD1085","A.K.PAUL","PHYSICIAN","0"
"","MD1086","PRINCE PARAK","GENERAL PHYSICIAN","1200"
"","MD1087","PARTHA SADHU, MS,MCH(PLASTIC SURGEON)","PLASTIC SURGERY","0"
"","MD1088","N.SAIKIA","GASTROENTROLOGIST","0"
"","MD1089","SOUMITRA SAHA, MS. FRCS","","0"
"","MD1090","TAPAS KONER","","0"
"","MD1091","PUNAM SINGH,MD","","0"
"","MD1092","K. LAHIRI,MD","","700"
"Pulmonology","MD1093","SOUMYA GHOSH, MD","CHEST PHYSICIAN","600.00"
"","MD1200","AMIT KUMAR CHUDHARY, MS. MCH","PLASTIC & COSMETIC SURGEON","500"
"","MD1201","N.K SHARMA","","0"
"","MD1202","AJIT KUMAR SINGH","","800"
"","MD1203","JOY SANYAL MD,DM","CARDIOLOGIST","0"
"","MD1204","JOYDEEP GHOSH MS","","0"
"","MD1205","RAHUL BHOWMICK MBBS,MD","","500"
"","MD1206","RAJIB DE MD,DM","","0"
"","MD1207","BIMAL KR BAID","","800"
"","MD1208","NAVNIT SINGH","","800"
"","MD1209","ABHINABA DEBNATH,MD.DM","Consultant Nephrologist","700"
"","MD1210","BIKRAM K MOHAPATRA, DM","Interventional Cardiologist","700"
"","MD1211","SARATHI SARKAR","","0"
"","MD1212","DR , CHANDAN KUMAR , MD . DM.","","1000"
"","MD1213","CHANDAN KUMAR, MD, DM","","0"
"","MD1214","KUNAL ROY , M .D. (DERM)","","0"
"","MD1215","DILIP KUMAR PAHARI ,","","0"
"","MD1216","NISHA TIWARI","","0"
"","MD1217","R . P . SHARMA","","0"
"","MD1218","T . K. CHOWDHURY","","0"
"","MD1219","IBRAHIM SHAIKH M.B.B.S","","0"
"","MD1220","VEENIT KUMAR PRASAD , M.B.B.S","","0"
"","MD1221","VEENIT KR PRASAD MD","","0"
"","MD1222","USHA M KUMAR","","0"
"","MD1223","SANGEETA JANA","","1000"
"","MD1224","SANGEETA JANA, MD,DM","","0"
"","MD1225","T ROBINDRO SINGH","","0"
"","MD1226","PRAKAS CHANDRA MONDAL","","1000"
"","MD1227","MANOJ GUPTA , MD DNB (NEPHRO)","","0"
"","MD1228","MANO","","0"
"","MD1229","TWISHAMPATI NASKAR","","0"
"","MD1230","S.PRADHAN MS","","0"
"","MD1231","S.K MUKHERJEE MD","","0"
"","MD1232","DEEPANJALI SINGH , MBBS,MS","","800"
"","MD1233","DEEPANAJALI SINGH, MS (OBS AND GYNAE)","","0"
"","MD1234","VARUN KUMAR SINGH ,MBBS","","0"
"","MD1235","B . DEY.MD.DGO.FICOG","","0"
"","MD1236","MITHUN SHARMA, MD,FACG","","0"
"","MD1237","MERUGU CHANDHANA, MBBS,MD","","0"
"","MD1238","HARISH KUMAR OJHA MCH","","0"
"GASTRO","MD1239","HARISH KUMAR OJHA","s","800.00"
"","MD0843","G.M.DEY,MD.","","600"
"","MD0844","SHINJINI SANYAL, MD.","GYNAECOLOGY & OBSTETRICIAN","600"
"","MD0845","NIRMAL KUMAR BERA,MD","","0"
"","MD0846","SUNIL KR. THAKUR","","0"
"","MD0847","N.K.BERA","","0"
"","MD0848","NABIN SUBEDI","","0"
"","MD0849","BIRPARA HOSPITAL","","0"
"","MD0850","UTTAR DINAJPUR HOSPITAL","","0"
"","MD0851","PRAVEEN GOEL D,ORTHO DNB","","0"
"","MD0852","MANGALBARI P.H.C","","0"
"","MD0853","ASHIRWAD MEDICAL CENTRE","","0"
"","MD0854","SANJAY CHOUDHURY","","0"
"","MD0855","G.B.DAS","","0"
"","MD0856","SUKUMAR MUKHERJEE","","0"
"","MD0857","DR. OF AROGYA NIKETAN NURSING HOME","","0"
"","MD0858","S.S.ALI","","0"
"","MD0859","M.G.GOSWAMI","","0"
"","MD0860","S.M.NANDI","","0"
"","MD0861","KAUSHIK CHAKRABARTY","","0"
"","MD0862","OF AMDA MECHI HOSPITAL NEPAL","","300"
"","MD0863","SINDHU BALA,MD.","GYNAECOLOGIST & OBSTETRICIAN","0"
"","MD0864","N.MAJUMDAR,MBBS.","MEDICINE","0"
"","MD0865","OF ISLAMPUR HOSPITAL","","0"
"","MD0866","SHIRSENDU DEY","","0"
"","MD0867","OF MAX NEW YORK LIFE INSURANCE","","0"
"","MD0868","RAJAT KR.BHATTACHARYA,MS.","","0"
"","MD0869","MD.KHOORSHEED ISLAM","","0"
"","MD0870","M.L.MAHESREE, MD","","0"
"","MD0871","PARTHA SARKAR","","0"
"","MD0872","J.S. ROY BASUNIA","","0"
"","MD0873","JOY CHAKRABORTY, MS.FRCS(UK),DNB","UROLOGIST","0"
"","MD0874","S.K.MANDAL","","0"
"","MD0875","O.P.PRASAD","","0"
"","MD0876","SOBHA ANSARI","","0"
"","MD0877","RATHIN MOITRA","","0"
"","MD0878","SUMIT CHAKRABARTI MD","","0"
"","MD0879","OF SADAR HOSPITAL KURSEONG","","0"
"","MD0880","SIRSHENDU DEY","","0"
"","MD0881","ABHAY KUMAR, MD","","0"
"","MD0882","SUJIT KUMAR DAS","","0"
"","MD0883","OF SADAR HOSPITAL KALIMPONG","","0"
"","MD0884","SOMNATH GHOSH","","0"
"","MD0885","J.N.SHARMA","","600"
"","MD0886","JAMYANG GYATSNO, MS.","OPHTHALMOLOGIST","0"
"","MD0887","SOUMYADIP KAR","","0"
"","MD0888","T.K.SARKAR","","0"
"","MD0889","MANAS CHOUDHURY, MS","OPHTHALMOLOGIST","0"
"","MD0890","D.DEOKOTA, MS (ORTHO)","ORTHOPAEDIC SURGERY","0"
"","MD0891","MUKESH AGARWALLA, MS (ORTHO)","ORTHOPAEDIC SURGERY","0"
"","MD0892","A.MONDAL","","1000"
"","MD0893","ANAESTHETIST FEE","ANAESTHETIST","0"
"","MD0894","MALAY BARMAN","","0"
"","MD0271","B.P.ROY,MS.","ENT","600"
"","MD0272","NEELA BHATTACHARYA,MS.DNB.MNAMS.MCH.","PLASTIC SURGERY","0"
"","MD0273","B.C. SAHA,M.B.M.S.,DMRE","","0"
"","MD0274","GIRIRAJ CHAKUSARU","PHYSICIAN","0"
"","MD0275","SELF","","600"
"","MD0276","B.G DAS,MS(ORTHO)","","0"
"","MD0277","SANJEEVA KR. CHOUDHARY, MS","","1000"
"","MD0278","PRIYA MISHRA","","0"
"","MD0279","B.K. DUTTA MAZUMDAR","","200"
"","MD0280","N THAPA","NEUROLOGIST","0"
"","MD0281","PUSHKAR RAJ DTMH","","300"
"","MD0282","S.K.TIWARI","PAEDIATRICS","0"
"","MD0283","B.K.DUTTA, MD","GYNAECOLOGY","0"
"","MD0284","B.K.SHAH ( MECHI ANCHAL HOSPITAL NEPAL )","","0"
"","MD0285","BIKASH DEWAN","","0"
"","MD0286","T.K.SADHU","","0"
"","MD0287","B.P.DHAKAL","","0"
"","MD0288","AMRITASHU DEB","","0"
"","MD0289","B.PAUL","","0"
"","MD0290","B.R. AMBEDKAR HOSPITAL","","0"
"","MD0291","KALYAN KUMAR DAS, BDS","","300"
"","MD0292","SUBHASH KARMAKAR, M.D.","MEDICINE","0"
"","MD0293","BALBANT N.S. LAGURI , MS","ORTHOPAEDIC SURGERY","600"
"","MD0294","BASAB SARKAR, MD","ONCOLOGIST","0"
"","MD0295","BHARATI SEN","","0"
"","MD0296","BHUSHAN SHARMA","","0"
"","MD0297","BHUSHAN SINGH","","0"
"","MD0298","BIDYUT BISWAS (ISLAMPUR SD HOSPITAL)","","0"
"","MD0299","BIDYUT KAMAL SAHA","","0"
"","MD0300","LT.COL.S.MUKHERJEE","","0"
"","MD0301","BIDYUT SARKAR","","400"
"","MD0302","BIJAY KUMAR AGARWAL, MS","GENERAL SURGEON","900"
"","MD0303","PRIYANKA SINGHAL","","0"
"","MD0304","BIMALENDU PAUL,MD.","","0"
"","MD0305","BINIT JHA","","0"
"","MD0306","BINOD DHAREWA","","0"
"","MD0307","BIRESH KUMAR","","0"
"","MD0308","BISHAL","KATIHAR MEDCAL COLLEGE","0"
"","MD0309","BISWAJIT DEY,MD","GYNAECOLOGIST","500"
"","MD0310","BISWAJIT DUTTA, MS.MCH","UROSURGEON","0"
"","MD0311","BISWAJIT GHOSH","","0"
"","MD0312","BIVA MISHRA","","0"
"","MD0313","BRIG.S.ROHATGI 158 B.H. BENGDUBI","","600"
"","MD0314","C. P. SHARMA","CHEST SPECIALIST","0"
"","MD0315","C.K. PAUL","","0"
"","MD0316","C.K.DAS","","0"
"","MD0317","C.L.PRADHAN,MD.","","0"
"","MD0318","C.N.SINGH","","0"
"","MD0319","LT.COL.SANJAY KUMAR PANDEY","","0"
"","MD0320","C.P YADAV (KANCHANGAJA HOSPITAL)","","600"
"","MD0321","C.R. GUPTA","","0"
"","MD0322","CHANDRA NARAYAN SINGH","","0"
"","MD0434","M. HALDAR","","0"
"","MD0488","LT.COL.K.S.BRAR","","0"
"","MD0647","R.N.BHUTIA, BDS., MDS","","0"
"","MD0160","A.SHARAN DNB","","800"
"","MD1187","KUMAR ATANU","","0"
"","MD1188","R.N.SAREN, MS","","0"
"","MD1189","SURGEON CHARGE","","300"
"","MD1190","KAUSTAV BHOWMICK","","500"
"","MD1191","SWAYAM PRAKASH,MD,DM","","0"
"","MD1192","LT COL BHANU SHARMA, 158BH","","0"
"","MD1193","S.M FAYAZ","","0"
"","MD1194","OF SSB KHAPRAIL","","0"
"","MD1195","OF SSB","","500"
"","MD1196","GAYATRI SARKAR (BHOWMIK) MBBS","","800"
"","MD1197","SAMIRAN DE","","0"
"","MD1198","OF OIL INDIA","","0"
"","MD1199","SAMIR","","500"
"","MD0658","RADHESHYAM POKHREL","","0"
"","MD0659","RAJARSHI BANARJEE,MDS.","","600"
"","MD0660","D.D.PURKAYASTHA,MS","GENERAL SURGERY","600"
"","MD0661","RAJAT BANERJEE, MD.","","0"
"","MD0662","RAJAT GHOSH","","0"
"","MD0663","RAJDEEP KUMAR NOV,D.ORTHO,R.S.O.(ORTHO)","","0"
"","MD0664","RAKESH KR.JHA,D.ORTHO.","","0"
"","MD0665","RAKESH PAUL,MBBS.","PHYSICIAN","0"
"","MD0666","RAKESH ROSHAN ( MGM )","","0"
"","MD0667","RAKESH SETHI,MD.","GYNAECOLOGY","300"
"","MD0668","RANJAN PAL, MD (GYNAE)","GYNAECOLOGIST & OBSTETRICIAN","0"
"","MD0669","REBA ROY (BISWAS)","","0"
"","MD0670","REGI MATHEW","","600"
"","MD0671","RAJESH KUMAR PRASAD,DCH","PAEDIATRICS","0"
"","MD0672","A.TALUKDAR","","0"
"","MD0673","SANDIP PRADHAN","","0"
"","MD0674","LT.COL.P.M.BHAT","","0"
"","MD0675","M.SHERPA","","0"
"","MD0676","S. P. GUPTA, MS","","0"
"","MD0677","KAPIL (MGM KISHANGANJ)","","0"
"","MD0678","ARUP SEN GUPTA. MS","","0"
"","MD0679","PANKAJ CHOWDHARY,MD.","","1000"
"","MD0680","S.AGARWAL, DCH ,MD","","0"
"","MD0681","S.B.MANTRY","","0"
"","MD0682","S.BHOWAL, MD","PHYSICIAN","0"
"","MD0683","S.BISWAS","","0"
"","MD0684","S.C.GHOSH,DARJEELING DISTRICT HOSPITAL","","600"
"","MD0685","D.SEN,MD.,SPECIALIST","","0"
"","MD0686","S.DAS,MD.","","600"
"","MD0687","GOUTAM BHATTACHARJEE,MS(ORTHO)","","0"
"","MD0688","SQN LDR.HARSHIT KHURANA","","0"
"","MD0689","KISHOR KR.POUDEL","","0"
"","MD0690","S.K.DESHPANDE","","0"
"","MD0691","L.B.SINGH (NHPC)","","0"
"","MD0692","S.K.DEWAN","","0"
"","MD0693","S.K.KUNDU","","0"
"","MD0325","P.THULASI DAS, DLO, MS, MCH.","","0"
"","MD0326","D.C. SHARMA","","0"
"","MD0327","D.CHAKRABORTY","","0"
"","MD0328","D.DAS","","0"
"","MD0329","D.DEB","","0"
"","MD0330","D.JOARDAR (MGM)","","0"
"","MD0331","D.K. ACHARYA","","0"
"","MD0332","D.K.SINHA","","0"
"","MD0333","D.KUMAR","","0"
"","MD0334","D.MITRA","","0"
"","MD0335","D.PAL ( SD HOSPITAL ALIPURDUAR )","","0"
"","MD0336","D.R.NAKIPURIA","","0"
"","MD0337","D.R.SHRESTHA,BDS.","","0"
"","MD0338","D.ROY","","600"
"","MD0339","D.SEN,MD.,DM.","","800"
"","MD0340","DR SAMARTH AGARWAL, MCH","Urologist","0"
"","MD0341","DEBASHIS BHATTACHRYA","","1000"
"","MD0342","NILANJANA HALDAR","","0"
"","MD0343","DEBASIS CHAKRABARTI , MD.","","0"
"","MD0344","DEBASISH HALDAR","","0"
"","MD0345","DEBASISH SANYAL (ASS.PROF)","","0"
"","MD0346","DEEPANGSHU ( NBMC )","","0"
"","MD0347","DHRUBAJYOTI TALUKDAR, MS ( ORTHO )","","0"
"","MD0348","DINESH SANGRAULA( MECH ANCHAL BHADRAPUR)","","0"
"","MD0349","DIPAK HORE","","0"
"","MD0350","DIPAK KUMAR DAS","","0"
"","MD0351","DIPAK KUMAR ROY","","0"
"","MD0352","DIPALI BHOWMIK,MD.","","0"
"","MD0353","R.N.MISHRA, MBBS, FRCS","","0"
"","MD0354","K.P.CHAKRABORTY","","0"
"","MD0355","SURESH KUMAR, MS (ORTHO)","","0"
"","MD0356","DEBASHISH DEBNATH","","0"
"","MD0357","MANOJ AGARWAL, MS (ORTHO)","","600"
"","MD0358","GOUTAM MUKHERJEE, DGO, DNB","Gynae & Obst.","0"
"","MD0359","G.C. TALUKDAR","","0"
"","MD0360","G.DASGUPTA ( DISTRICT HOSPITAL SLG )","","0"
"","MD0361","G.P. MANDAL, M.B.B.S.","","0"
"","MD0362","G.S. BASAK","","0"
"","MD0363","G.YAZDANI","","0"
"","MD0364","GAJENDRA KUMAR ( MGM )","","500"
"","MD0365","BARUN KUMAR SINGH","GENERAL SURGERY","0"
"","MD0366","GOURI SANKAR BASAK","","600"
"","MD0367","S.S.ROY","","0"
"","MD0368","H.AGARWAL,MD.","","0"
"","MD0369","H.K.PAUL","","0"
"","MD0370","HANUMAN P. MARDA","","0"
"","MD0371","SANJAY DUTTA","","0"
"","MD0372","T. KARMAKAR.","","300"
"","MD0373","SOMNATH SARKAR, MD.","PHYSICIAN","0"
"","MD0374","SUNANDA ROY,MS.","OBSTETRICS & GYNAECOLOGY","0"
"","MD0375","INDHU BALA  KHATRI","","0"
"","MD0376","INDRAJIT BANERJEE,MD.","","300"
"","MD0377","IQBAL RAHMAN, MD","ANAESTHETIST","0"
"","MD0489","N.C. DUTTA","","0"
"","MD0490","N.C. SARKAR","","0"
"","MD0491","N.C.ROY","","0"
"","MD0492","N.D.BISWAS,DCH.MD","PAEDITRICIAN","0"
"","MD0493","N.G.GOSWAMI,M.D.","","0"
"","MD0494","N.K. BAIDYA","","0"
"","MD0495","N.K.JHA , MD.","","600"
"","MD0496","N.K.KEJRIWAL, MS. MCH.","UROLOGY","600"
"","MD0497","N.K.SAHA","","0"
"","MD0498","MAJ. R CHUGH","","0"
"","MD0499","N.M.PRASAD","","600"
"","MD0500","R. GUHA, MS","","500"
"","MD0501","N.R.HALDAR, MD. DM","NEUROLOGY","0"
"","MD0502","KUMAR ANAND","","0"
"","MD0503","NAMGYAL","","6000"
"","MD0504","NAVEEN AGARWAL.MD","","0"
"","MD0505","S.MALLICK","","0"
"","MD0506","NAYAK NURSING OME","","0"
"","MD0507","INDRAJIT NATH (NHPC)","","0"
"","MD0508","NHPC","","0"
"","MD0509","NILAY BOSE","","0"
"","MD0510","NIRAJ KUMAR","","0"
"","MD0511","NIRMAL PALIT,DNB","","0"
"","MD0512","NOOR AKHTAR","","600"
"","MD0513","P.K. JANA","","0"
"","MD0514","FANISHWAR NATH","","0"
"","MD0515","OF ALIPURDUAR HOSPITAL","","0"
"","MD0516","OF AROGYA NIKETAN","","0"
"","MD0517","OF B S F SALUGARA","","0"
"","MD0518","OF B.P.KOIRALA INSTITUTE NEPAL","","0"
"","MD0519","OF BATASI P.H.C.","","0"
"","MD0520","OF BHUTAN HOSPITAL","","0"
"","MD0521","OF BIRPARA SD HOSPITAL","","0"
"","MD0522","OF BPHC GOALPUKUR HOSPITAL","","0"
"","MD0523","OF BSF HOSPITAL KISHANGANJ","","0"
"","MD0524","OF CHARALI HOSPITAL NEPAL","","0"
"","MD0525","OF CHOPRA HOSPITAL","","0"
"","MD0526","OF CMC VELLORE","","0"
"","MD0527","TSHEWANG N SHERPA","","0"
"","MD0528","OF COOCHBEHAR SD. HOSPITAL","","0"
"","MD0529","OF DARJEELING DIST. HOSPITAL","","0"
"","MD0530","OF DHUPGURI SD HOSPITAL","","0"
"","MD0531","OF DIST.HOSPITAL JALPAIGURI","","0"
"","MD0532","OF DISTRICT HOSPITAL MALDA","","0"
"","MD0533","OF DISTRICT HOSPITAL SILIGURI","","0"
"","MD0534","OF ECHS BENGDUBI","","0"
"","MD0535","OF ECHS LABONG","","0"
"","MD0536","OF FALAKATA RURAL HOSPITAL","","0"
"","MD0537","OF KANCHANJUNGA HOSPITAL","","0"
"","MD0538","OF KANKAI HOSPITAL NEPAL","","0"
"","MD0539","OF KATIHAR MEDICAL COLLEGE","","0"
"","MD0540","OF KATIHAR SADAR HOSPITAL","","0"
"","MD0541","OF KHORIBARI RURAL HOSPITAL","NULL","0"
"","MD0591","OF BARSOI MEDICAL COLLEGE KATIHAR","","0"
"","MD1134","OF MAHARAJA AGRAEN HEALTH CARE CENTRE","","500"
"","MD1135","ASHOTOSH SONI, MD,DM","NEPHROLOGY","0"
"","MD1136","VIKRA","","500"
"","MD1137","S.BASU MD,DNB(ONCOLOGY)","","0"
"","MD1138","VIV","","1400"
"","MD1139","RAHUL PRASAD, MS, MCH","NEURO SURGEON","0"
"","MD1140","MRITYUNJAY ROY MBBS,MS","","0"
"","MD1141","SUDHANGSHU KR PAUL MBBS","","1000"
"","MD1142","SHYAMAL SAHA","","0"
"","MD1143","SUNIL HEGDE MAJ AMC","","300"
"","MD1144","RICHARD NARJINARY","ENT","0"
"","MD1145","DIGEN KAMDER","","500"
"","MD1146","MANISH KR. MISHRA,MD.DM","GASTROENTEROLOGY","500"
"","MD1147","HEMANT SINGHAL","","300"
"","MD1148","ARONI CHACHRABORTY","OPHTHALMOLOGIST","0"
"","MD1149","SOMSUBHRA PAL MBBS,DNB","","0"
"","MD1150","S. BHOWAL, MD","","500"
"","MD1151","PIYALI KONAR","","0"
"","MD1152","AJAY KR AGARWAL MD","","0"
"","MD1153","ASHISH DAS","","0"
"","MD1154","SAPTARSHI GHOSH MD","","0"
"","MD1155","PRASANTA KR GURE MS","","0"
"","MD1156","MAHUA ROY MD,FNB (PEAD CARD)","","0"
"","MD1157","AJOY SITLING MS","","1000"
"","MD1158","PRABHAT RANJAN MD,DM","","0"
"","MD1159","S.P SAHA MD (GYNO)","","0"
"","MD1160","SOURAV GUHA","","800"
"","MD1161","SRIDHAR RATHORE,MS,MCH","","0"
"","MD1162","BARUN KR BISWAS","MD","0"
"","MD1163","ASHIS MUKHOPADHYAY","","0"
"","MD1164","SAURAV AGARWAL.","","0"
"","MD1165","RITUPARNA DAS,MD","Gynae & Obst.","0"
"","MD1166","BINDU KELA GHOSH","","1000"
"","MD1167","S.K.SAHU, MD","","0"
"","MD1168","ROBERT EKKA,MD","","0"
"","MD1169","OF SSB FALAKATA","","0"
"","MD1170","DINESH KUMAR,M.B.B.S","","0"
"","MD1171","ARINDAM MANDAL","","0"
"","MD1172","P.L. SHERPA MD.","","0"
"","MD1173","R.O.KARTHAK, MBBS, MD.","MEDICINE","0"
"","MD1174","NAITIK SINGLA, MBBS","","0"
"","MD1175","KALYAN LAHIRI, MD","","1200"
"","MD1176","KRISTOPHER ROY, MS, MCH","CTVS","0"
"","MD1177","RAJESH NANDA MBBS, MD., DNB.","","0"
"","MD1178","SUVAJIT MALLICK M.B.B.S","","0"
"","MD1179","S.ALI MS","","0"
"","MD1180","KUNTAL GHOSH M.B.B.S","","0"
"","MD1181","GOPAL KRISHNA M.B.B.S, D.C.H","","500"
"","MD1182","KUMAR ABHISHEK, MD, DNB.","CARDIOLOGIST","700"
"","MD1183","SURABHI SARKAR","","0"
"","MD1184","BRAHMA DEV SINGH","","0"
"","MD0648","RAJESH GUPTA","MD","0"
"","MD0649","R.P.CHOUDHARY","","0"
"","MD0650","P.J.PACHANI","","0"
"","MD0651","R.P.SHARMA","","0"
"","MD0652","SANDIP SEN","","0"
"","MD0653","OF BIDHANNAGAR PRIMARY HEALTH CENTRE","","0"
"","MD0654","B.S.PAUL","","0"
"","MD0655","YAM BAHADUR ROKA","","0"
"","MD0656","A.C CHOWDHURY DNB MD","","0"
"","MD0657","RABINDRA LAL DAS","","0"
"NEUROSURGERY","MD0002","Dr. Sajal Biswas","Neurosurgeon","700"
"General Surgery","MD0003","Dr. Vivek Sarkar","General Surgeon","700.00"
"","MD0171","P . C . DAS MAHAPAT","","1000"
"","MD0172","ASHISH BISPURIA, MS(EYE)","","0"
"","MD0173","DEBARSHI SENGUPTA MBBS,DGO","","0"
"","MD0174","OF S.T.N.M HOSPITL SIKKIM","","0"
"","MD0175","VISHAL PAKHRIN","","800"
"","MD0176","DR SANDEEP GHOSH, MS (ENT)","","800"
"","MD0177","SANDEEP GHOSH ,MS (ENT)","","0"
"","MD0178","SAN","","0"
"","MD0179","SANDEEP PAUL,MS (ENT)","","0"
"","MD0180","SOMENATH SAHA, MBBS,MS","","0"
"","MD0181","SHRAVAN KUMAR,MBBS,DNB (CTVS)","","0"
"","MD0182","KALYANI V REDDY ,MBBS","","0"
"","MD0183","B.N.PRASAD, M.B.B.S,M.S","","0"
"","MD0184","GUNJAN H PRASAD","","800"
"","MD0185","D. SAMADDAR, MS","","0"
"","MD0186","SADAR HOSPITAL, MEKHLIGANJ","","0"
"","MD0187","BENU GOPAL DAS","","0"
"","MD0188","DAMODAR SIKDAR","","0"
"","MD0189","SUDIPTO MUKHERJEE","","0"
"","MD0190","MRS. A.CHAKRABORTY (ROY),B.D.S.","","0"
"","MD0191","SUBHODIP PRAMANIK MD,DNB,DM","","200"
"","MD0192","OF MEDICA CANCER HOSPITAL","","700"
"","MD0193","RAVULA PHANI KRISHNA MS,MRCS. M.CH.","GASTROENTEROLOGY","800"
"","MD0194","A.SAHA.MD,DM.","CARDIOLOGIST","500"
"","MD0195","ARUNDHATI DASGUPTA","GENERAL PHYSICIAN","500"
"","MD0196","AMIT KUMAR SAMANTA, MS","","1000"
"","MD0197","P.K.AGARWAL, MD","PHYSICIAN","0"
"","MD0198","PASANG L. SHERPA","","0"
"","MD0199","SMARAJIT BANIK, MD","MEDICINE","0"
"","MD0200","RAJANI AGARWAL MD","","600"
"","MD0201","N. HUSSAIN","","0"
"","MD0202","P.K DUTTA MBBS,FCCP,AACC","","0"
"","MD0203","A.K DEO","","0"
"","MD0204","PARAMESWAR R JUNARE DM GASTRO","","0"
"","MD0205","SOMNATH MITRA, MRCP (RHEUMATOLOGIST)","","0"
"","MD0206","URMILA GARI, CMO, SSB","","0"
"","MD0207","A.K. DUTTA , MD.,DM","","0"
"","MD0208","N.THAPA","","4500"
"","MD0209","S. CHATTERJEE, MD (DR ASSTT.)","","1000"
"","MD0161","JAMEEZUL IRFAN , MS","","0"
"","MD0162","JAMEEZUL IRFAN, MS","","0"
"","MD0163","DHRUV KUMAR AGARWAL","","0"
"","MD0164","NISHIKANT KUMAR","","1000"
"","MD0165","DR MADHURI SARKAR , MD (PSY)","","1000"
"","MD0166","MADHURI SARKAR, MD (PSY)","","0"
"","MD0167","SWETHA REDDY ,DONAKONDA","","0"
"","MD0168","SRIDHAR R.","","1000"
"","MD0169","DR ARUP MONDAL","MD","0"
"GENERAL SURGERY","MD0004","Dr. Kalyan Mandal","GENERAL SURGERY","0"
"","MD0062","SAGNIK MUKHERJEE MBBS,MD","","0"
"","MD0063","VISHRAM SAGAR PANDEY ,M.B.B.S ,MS","","0"
"","MD0064","BHUPENDRA CHAUDHARY MD","","0"
"","MD0065","PRAG KUMAR AGARWAL MS","","0"
"","MD0066","KAJOL KUMARI","","600"
"","MD0067","SOUTRIK MUKHERJEE MBBS,MS(ORTHO)","ORTHO","0"
"","MD0068","MANNA","","0"
"","MD0069","PRAKASH AGARWAL","","0"
"","MD0070","SAMAR DEB MBBS, MS","","0"
"","MD0071","ARKA KANTI","","0"
"","MD0072","INDRANIL SARKAR","","0"
"","MD0073","PRASANNJIT GOYAL","","0"
"","MD0074","DR OF NAYAK NURSINGHOME","","0"
"","MD0075","OF MUKHERJEE HOSPITAL","","0"
"","MD0076","PRABIR BISWAS MS","","0"
"","MD0077","MADHUSUDHAN SARKAR","","0"
"","MD0078","KAJAL KUMARI MD","","0"
"","MD0079","SASHI RANJAN MS,MCH","","1000"
"","MD0080","ANJAN KUMAR DAS, MCH(CTVS)","","0"
"","MD0081","A.K SINGH MS","","1000"
"","MD0082","S.PRAMANIK,DM","","800"
"","MD0083","DEEPAK TOMAR, MD, DM","cardiologist","0"
"","MD0084","BIJAN PATUA","","0"
"","MD0085","NADEEM PARVEZ","","0"
"","MD0086","NADEE","","0"
"","MD0087","A.MAITY MBBS","","0"
"","MD0088","BARUN DAS MBBS,MD","","0"
"","MD0089","SUBIYA JAMIL MS,DNB","","0"
"","MD0090","DEBASISH PAUL ,MBBS","","0"
"","MD0091","SANKHA SUBHRA ROY","","0"
"","MD0092","SANJUKTA CHOUDHURY","","0"
"","MD0093","CHANDAN KUMAR MD RADIOLOGIST","","600"
"","MD0094","PINAKEE SUNDER KAR, DNB,DM","GASTROENTEROLOGY","0"
"","MD0095","ARKOPROVA HALDER MD,DM","","0"
"","MD0096","R . P. RAY","","0"
"","MD0097","TANKA MANI GURUNG","","0"
"","MD0098","F .ALI ,MBBS","","0"
"","MD0099","S. R . THAKUR","","0"
"","MD0100","SANDEEP GHOSH ,M.B.B.S.","","0"
"","MD0101","ANAND JAIN","","0"
"","MD0102","SANDEEP","","800"
"","MD0103","ARUP MONDAL, MD","","0"
"","MD0104","SUJIT GUPTA ,M.B.B.S, MD","","0"
"","MD0210","S.CHATERJEE, MD","","0"
"","MD0105","MANOJ KUMAR SINGH MS,MCH","","0"
"","MD1185","MD FAIYAZ ALAM","","600"
"","MD0694","S.K.MITRA","","0"
"","MD0696","S.K.CHOUDHURY, MD","PHYSICIAN","0"
"","MD0697","S.K.DAS","","0"
"","MD0698","S.K.JHA","","0"
"","MD0699","S.K.SHARMA","","0"
"","MD0700","S.K.SINGH","","0"
"","MD0701","S.KAR,MS.FRCS","","0"
"","MD0702","S.L.HU","","0"
"","MD0703","DEBANGSHU DAS,MD.","","0"
"","MD0704","S.M.ALI, MD.","","0"
"","MD0705","S.MOHANTY","","0"
"","MD0706","PRAMOD KR.AGARWAL,MD.","","0"
"","MD0707","TAPASH BISWAKARMA","","0"
"","MD0708","S.NATH,MD.DNB.","","0"
"","MD0709","S.Q.HAQUE M.B.B.S.,","","0"
"","MD0710","S.R.KHANRA,MD.","","0"
"","MD0711","S.R.THAKUR","","0"
"","MD0712","S.S.AGARWAL","","0"
"","MD0713","S.S.BHARATI","","0"
"","MD0714","A.K.GUPTA,MS","","0"
"","MD0715","S.YONZONE","","0"
"","MD0716","SAGAR NARANG","","700"
"","MD0717","SAIKAT DATTA, MD.","","700"
"","MD0718","SAIKAT SAHA, MDS","ORAL & MAXILLO-FACIAL SURGEON","600"
"","MD0719","SAILESH ROY, MS","GYNAECOLOGY","0"
"","MD0720","SAMBHU NATH MUKHERJEE,MD.","","0"
"","MD0721","SAMIRAN DE,MD.","","0"
"","MD0722","SAMUEL WU","","0"
"","MD0723","SANDIP KUMAR PAUL","","0"
"","MD0724","SANGITA SINGH","","0"
"","MD0725","SANJAY GUHA","","0"
"","MD0726","MRINAL HAZARIKA","","0"
"","MD0727","SANJAY KUMAR,MS(ORTHO)","","0"
"","MD0728","SANJAY RATHI","","0"
"","MD0729","SANJAY ROY","","600"
"","MD0730","S.R.SHARMA, MS,MCH.","NEUROSURGEON","0"
"","MD0731","SANJEEV BANERJEE,D.ORTHO.MS.(ORTHO)","","0"
"","MD0732","M.B.DARNAL","","600"
"","MD0733","SANJOY KUMAR MS(ORTHO)","","0"
"","MD0734","SANTANU KAR","","0"
"","MD0735","SANTANU SARKAR","","0"
"","MD0736","S.T.N.M.HOSPITAL,GANGTOK","","0"
"","MD0737","OF STNM HOSPITAL GANGTOK","","0"
"","MD0738","SANTOSH VARUGHESE MD,DM","","0"
"","MD0739","BASHAR IMAM AHMAD, MD","","0"
"","MD0740","B.SHAKYA, MS (ORTHO)","","0"
"","MD0741","SARIQUE ( MGM )","","600"
"","MD0742","SASWATI HALDAR, MD","DERMATOLOGIST","0"
"","MD0743","SATISH KUMAR(KATIHAR MEDICAL COLLEGE)","","0"
"","MD0744","SATWIK DAS","","0"
"","MD0745","SAUMEN CHAKRABORTY","","0"
"","MD0106","HASIBUR RAHMAN","","1000"
"","MD0107","DR MANOJ KR SINGH, MS (PLASTIC SERGEON)","","1000"
"","MD0108","MANOJ KR SINGH, MS, MCH (PLASTIC SURGERY)","","0"
"","MD0109","UTTAM MAJUMDER , MD","","900"
"","MD0110","SANDEEP ROY, MS ORTHO","","0"
"","MD0111","SHAON DUTTA ,M.B.B.S,MS","","0"
"","MD0112","SOURABH BISWAS MD","","0"
"","MD0113","VINIT KHEMKA MD,DM","","1000"
"","MD0114","SIRSHENDU PAL","","0"
"","MD0006","PRASOON ANAND MS ORTHO","","0"
"","MD0007","QUAZI MD NAIYYER ALAM","","500"
"","MD0008","CHANDRAKANTH MV,MD,DM,DNB","","0"
"","MD0009","KRISHNA AGARWAL MD","","0"
"","MD0010","SOURA MOKERJEE","","0"
"","MD0011","DEE","","1400"
"","MD0012","DRUPADA ROY","","0"
"","MD0013","ARABINDA ROY MBBS, MD","","0"
"","MD0014","JHULAN","","0"
"","MD0015","NAYEEM ALI MBBS MS","","800"
"","MD0016","NAYEEM ALI, MS (ORTHOPAEDIC)","MS","0"
"","MD0017","NAY","","500"
"","MD0018","PRANAB MANDAL","MS","0"
"","MD0019","PRANAB MANDAL MS","MS","0"
"","MD0020","SOUMEN MUKHERJEE M.B.B.S, MD","","0"
"","MD0021","UDAYAN SARKAR MD, DNB","","0"
"","MD0022","RAYAZ MUSTAFA MBBS, MS","","0"
"","MD0023","SABYASACHI MITRA","","800"
"","MD0024","DIWAKAR BISTA,MS","ENT","0"
"","MD0025","DIW","","0"
"","MD0026","NILANJANA HALDAR, MS(OPTHO)","","0"
"","MD0027","NILAN","","0"
"","MD0028","SOURAV GHOSH","","500"
"","MD0029","RAHUL TAPARIA MBBS,MD","","0"
"","MD0030","AYUSH SHUKLA","","600"
"","MD0031","SURENDRA GUPTA, MS, MCH.","Neuro Surgery","0"
"","MD0032","DEBABRATA GOPE MBBS","","0"
"","MD0033","ABHAY KR. AGARWAL,MS.DNB","","0"
"","MD0034","SUMIT MUKHERJEE","","0"
"","MD0035","SOUMYAJIT DUTTA MS","","500"
"","MD0036","AMIT KUMAR GUPTA","","0"
"","MD0037","AMIT KUMAR ADHIKARY MD","","0"
"","MD0038","MD NADEEM PARVEZ","","600"
"","MD0039","SWAPAN KR SAHA MD,DM","","0"
"","MD0040","KUNDANN KUMAR MS MCH","","500"
"","MD0041","ABHISHEK KUMAR SINGH","","0"
"","MD0042","A.K CHATTERJEE MD","","0"
"","MD0043","VINEET PRASAD","","1000"
"","MD0044","KUNDAN KUMAR, MS MCH","","0"
"","MD0045","KUNDAN","","0"
"","MD0046","DEEPAK AGARWAL","","800"
"","MD0047","SHANJOY DAS, DGO","Gynae & Obst.","0"
"","MD0048","SHAH NAWAZ ALI MS","","0"
"","MD0049","UTPAL ROY,MD","","0"
"","MD0050","BISWA PRATIM RUDRA,MBBS","","0"
"","MD0052","UJJWAL KR KEJRIWAL MS(ORTHO)","","0"
"","MD0053","MANISHA SINGH MBBS,DGO","","0"
"","MD0054","DEBOJYOTI SARKAR MD","","0"
"","MD0055","A.B CHOWDHURY DNB DM","","0"
"","MD0056","OF ASTHA HOSPITAL","","0"
"","MD0057","SANDEEP MUKHERJEE MS,(ORTHO),D(ORTHO)","","0"
"","MD0058","SIDHI RAJ SHARMA MS,MCH","","0"
"","MD0059","ABHIJIT SHARAN","","0"
"","MD0060","RASHMI NAYAK GYANE AND OBS","","0"
"","MD1094","NIRLIPTA SANYAL, MD","PHYSICIAN","200"
"","MD1095","VIPUL MISHRA (PUL)","PHYSICIAN","600"
"","MD1096","AJAY KUMAR MD,DM","GASTROENTROLOGIST","1000"
"","MD1097","S. AKHTAR, MS,MCH (PLASTIC SURGERY)","PLASTIC & COSMETIC SURGEON","1000"
"","MD1098","SUMIT AGARWAL, MDS","DENTAL","500"
"","MD1099","PANCHANON. D. BHARALI, MS, MCH","NEUROSURGERY","700"
"","MD1100","GOVIND VERMA","GASTROENTEROLOGY","2000"
"","MD1101","GAUTAM KHASTGIR MD, FRCS ,FRCOG","GYNAECOLOGIST & OBSTETRICIAN","0"
"","MD1102","OF TULIP HEALTH CARE","","0"
"","MD1103","S.S.NIRALA (M.B.B.S, H.S.MEDICINE)","GENERAL PHYSICIAN","600"
"","MD1104","MANISH MADHAB","PAEDIATRICIAN","500"
"","MD1105","PULAK KUMAR SAHA","GYNAECOLOGIST","500"
"","MD1106","RANJAN PAUL CHOWDHURY,MS","","0"
"","MD1107","N.K GHORAI","","800"
"","MD1108","PARAG AGARWAL","MS.MCH","500"
"","MD1109","TARAK NATH MITRA","","0"
"","MD1110","SANDIP BHATTACHARJEE","","0"
"","MD1111","DEEPA KESHAVAN, D.G.O..M.S.","","0"
"","MD1112","SAMAR","","0"
"","MD1113","SOUVIK ROY,M.B.B.S,MS (ORTHO)","","0"
"","MD1114","CHANDRIMA ROY, MBBS...","","0"
"","MD1115","SANDIP SENGUPTA","","0"
"","MD1116","SUSHIL CHAUHAN, M.B.B.S.; M.D.","","0"
"","MD1117","BHASKAR PAUL, M.B.B.S","","0"
"","MD1118","SAILAJA GUPTA M.S. (CAL)","","0"
"","MD1119","ARVIND KUMAR (M.S) ORTHO","","600"
"","MD1120","PALZOR TSHERING BHUTIA, MD","MEDICINE","400"
"","MD1121","SATYAJIT RABHA MS, MCH","","0"
"","MD1122","P.K. SINGH","","0"
"","MD1123","SIDHARTH SHANKAR ANAND MD,DM","","0"
"","MD1124","ASHISH AGARWAL MD","","0"
"","MD1125","RAJESH AGARWAL M.B.B.S, MD.","","600"
"","MD1126","VIKRANT DESHMUKH, MD DNB","","0"
"","MD1127","OF SSB MALBAZAR","","500"
"","MD1128","KUMRESH PAUL MS","","0"
"","MD1129","T.D. BAIRAGYA","","0"
"","MD1130","ABHISHEK AGARWAL","MBBS(KOL),MS(ORTHO)DNB(ORHTO)","0"
"","MD1131","S.GOSWAMI,M.B.B.S. (KOL)","","0"
"","MD0323","CHITRADIP CHAKRABORTY","","0"
"","MD0378","J.GHATAK","","0"
"","MD0542","OF KUSEONG SD.HOSPITAL","","0"
"","MD0543","OF MADAN GANGA NURSING HOME","","0"
"","MD0544","OF MALBAZAR SD.HOSPITAL","","0"
"","MD0545","OF MANAV DENTAL HOSPITAL NEPAL","","0"
"","MD0546","OF MANGALBARI BPHC MALBAZAR","","0"
"","MD0547","OF MATA PATHIBHARA HOSPITAL NEPAL","","0"
"","MD0548","OF MATHABHANGHA SD.HOSPITAL","","0"
"","MD0549","OF MAYNAGURI BPHC HOSPITAL","","0"
"","MD0550","OF MECHI EYE CARE CENTER","","0"
"","MD0551","OF MECHI ZONAL HOSPITAL NEPAL","","0"
"","MD0552","OF MECHINAGAR PRIMARY HOSPITAL NEPAL","","0"
"","MD0553","OF MEDICAL COLLEGE KOLKATA","","0"
"","MD0554","OF MEDICARE TPA SERVICE INDIA PVT. LTD.","","0"
"","MD0555","OF MGM KISHANGANJ","","0"
"","MD0556","OF MJN HOSPITAL COOCHBEHAR","","0"
"","MD0557","OF MORANG HOSPITAL NEPAL","","0"
"","MD0558","OF NBMC HOSPITAL","","0"
"","MD0559","OF NHPC","","0"
"","MD0560","OF NTPC","","0"
"","MD0561","OF P &T","","0"
"","MD0562","OF PANCHTHAR HOSPITAL NEPAL","","0"
"","MD0563","OF PHPL","","0"
"","MD0564","OF RAIGANJ HOSPITAL","","0"
"","MD0565","OF RAJGANJ BPHC HOSPITAL","","0"
"","MD0566","OF RAMBHI BPHC HOSPITAL","","0"
"","MD0567","OF RLY HOSPITAL NJP","","0"
"","MD0568","OF RURAL HOSPITAL DHUPGURI","","0"
"","MD0569","OF S.D. HOSPITAL DARJEELING","","0"
"","MD0570","OF SADAR HOSPITAL SIKKIM","","0"
"","MD0571","OF SBI LIFE INSURANCE","","1000"
"","MD0572","ASSISTANTS FEE","","0"
"","MD0573","KRISHNA DAS, APDR JN. RLY HOS.","","0"
"","MD0574","LT.COL.SANJAY GODMARE","","0"
"","MD0575","OF SD.HOSPITAL ISLAMPUR","","0"
"","MD0576","OF SHANTI NURSHING HOME","","0"
"","MD0577","MAJ.MOHIT SHARMA","","0"
"","MD0578","OF SILIGURI MUNICIPAL CORPORATION","","0"
"","MD0579","OF SSB RANIDANGA","","0"
"","MD0580","OF SUKNA PRIMARY HEALTH CENTRE","","0"
"","MD0581","OF TADONG CENTRAL HOSPITAL","","0"
"","MD0582","P.K.DWIVEDI","","0"
"","MD0583","OSMAN GANI","","0"
"","MD0584","K.N. SHARMA, MD","CONSULTANT PATHOLOGIST","300"
"","MD0585","BIPRODA ROY","MED","0"
"","MD0586","P. K. DEB  P& T","","0"
"","MD0587","P. KEOT","","0"
"","MD0588","OF NEURO HOSPITAL BIRATNAGAR NEPAL","","0"
"","MD0589","A.P.MUKHERJEE","","0"
"","MD0590","THOMAS DULAN","","0"
"","MD0379","LT.COL.S.AGARWAL,DMO","","0"
"","MD0380","J.HALDER","","0"
"","MD0381","MAJ.RITU AGARWAL","","0"
"","MD0382","COL.D.K.KHARE","","0"
"","MD0383","S.N.DEO","CLINICAL PATHOLOGIST","0"
"","MD0384","JAYANT GHOSAL,MD.","","0"
"","MD0385","JAYANT RAJA","","0"
"","MD0386","JAYANTA ROY , BDS.","DENTAL","0"
"","MD0387","JIBAN KUMAR JHA","","0"
"","MD0388","JOHN HU , BDS.","","0"
"","MD0389","JYOTI SHINHA","","0"
"","MD0390","K. BARMAN","","0"
"","MD0391","K. GHOSH HAZRA","","0"
"","MD0392","K. K .CHIANG","","0"
"","MD0393","K. L RANGMEI","","0"
"","MD0394","K. L. BHAGAT","","0"
"","MD0395","K. LAYEK","","0"
"","MD0396","KIRITEE BHUSAN NANDI,BHMS,FWT","","0"
"","MD0397","K.C.MITRA","","600"
"","MD0398","K.C.MOHPAL, MS ( ORTHO )","","0"
"","MD0399","K.H.CHIANG, BDS.","","0"
"","MD0400","K.K ROY ( SD. HOSPITAL JALPAIGURI)","","0"
"","MD0401","K.K. MOITRA","","0"
"","MD0402","K.K.GHISING","","0"
"","MD0403","K.K.MISHRA M.D.(MEDICINE)","","0"
"","MD0404","K.K.SINGH","","0"
"","MD0405","MAJ.A.MUKHERJEE","","0"
"","MD0406","K.N. PRADHAN","","0"
"","MD0407","K.P. DAHAL","","600"
"","MD0408","MADHAB SHARMA,MD","","0"
"","MD0409","MAJ. VIKAS, AMC, ED SPL(SURGERY)","","0"
"","MD0410","K.R.CHAKRABORTY,MD","","0"
"","MD0411","R.K.AGARWAL(LOHIA), MBBS,DCH,MD","PAEDIATRICS","0"
"","MD0412","K.THAPALLYA","","0"
"","MD0413","K.V.BHUSHAN","","0"
"","MD0414","KAILASH AGARWAL","","0"
"","MD0415","KAJARI MUKHERJEE","","800"
"","MD0416","KALLOL DASGUPTA,MD.","","0"
"","MD0417","KALLOL KUMAR ROY","","0"
"","MD0418","KALYAN BHATTACHARYYA","","0"
"","MD0419","KANCHAN SAHA","","0"
"","MD0420","KAUSHIK BHATTACHARYA","","0"
"","MD0421","KAUSHIK SAMAJDAR","","0"
"","MD0422","KAVITA MANTRY","","0"
"","MD0423","KHEM KUMAR ADHIKARI","","0"
"","MD0424","KOUSHIK SARKAR","","1000"
"","MD0425","KRISHNENDU DEY","","0"
"","MD0426","LT.COL.Y.S.SIROHI","","0"
"","MD0427","L.K. AGARWAL","","0"
"","MD0428","L.N.BISWAS, MD.","","0"
"","MD0429","L.N.TRIPATHY","","0"
"","MD0430","LAV KUMAR AGARWAL","","0"
"","MD0431","LIFE LINE HOSPITAL DAMAK NEPAL","","0"
"","MD0432","M . PRASAD","","0"
"","MD0433","M. ALAM","","0"
"","MD0005","SMITA HALDER","","0"
"","MD0061","S. PRADHAN , MS.","","0"
"","MD0115","SOURAV KUMAR, MBBS","","0"
"","MD0170","P . C . DAS MAHAPATRA","","0"
"","MD0221","A.SOUKAT ALI","","0"
"","MD0222","A.TEWARI.MD.","","0"
"","MD0223","ABHIJIT ROY","","0"
"","MD0224","ABHINIBESH CHATTERJEE","","0"
"","MD0225","ABHISHEK BISWAS","","0"
"","MD0226","ABHISHEK MUKHERJEE","","0"
"","MD0227","ABRAHAM OOMMAN","","0"
"","MD0228","ACHINTYA NARAYAN ROY","","0"
"","MD0229","AKHTAR HUSSAIN","","700"
"","MD0230","AMAL BASAK, D(ORTHO),MS(ORTHO),","ORTHOPAEDIC SURGERY","600"
"","MD0231","AMARNATH KEJRIWAL, MS","","0"
"","MD0232","AMIT DUTTA","","800"
"","MD0233","AMITABH MISHRA , MS,MCH.","NEUROSURGERY","600"
"","MD0234","AMITABHA DAS GUPTA, MS.MCH","PLASTIC & COSMETIC SURGEON","0"
"","MD0235","AMITABHA SARKAR BDS,MDS","","0"
"","MD0236","AMITABHA SENGUPTA","","0"
"","MD0237","AMITAVA KUNDU","","0"
"","MD0238","AMITAVA MUKHERJEE","","0"
"","MD0239","AMITAVA SARKAR","","0"
"","MD0240","AMIYA KUMAR DATTA","","0"
"","MD0241","AMLAN SATPATHI","","600"
"","MD0242","ANANDABRATA BOSE, MS, FRCS","ENT","0"
"","MD0243","ANANT AGARWAL,MD.","","0"
"","MD0244","ANANTA KR.ROY","","0"
"","MD0245","ANINDA KUMAR ROY,MD.MIEA.","NEUROLOGY","0"
"","MD0246","ANIRBAN ROY","","0"
"","MD0247","ANIRUDDHA GHOSH","","0"
"","MD0248","ANJANA AGARWAL","","0"
"","MD0249","ANJAY GUPTA","","400"
"","MD0250","ANUP  CHAKRABORTY , MS, MCH","NEUROSURGERY","300"
"","MD0251","ANUP GHOSH, MS","ENT","0"
"","MD0252","ANUP KUMAR  BARUI","","0"
"","MD0253","ANUP KUMAR KUNDU","","0"
"","MD0254","ANUP SEN GUPTA","","0"
"","MD0255","ANURADHA MUKHERJEE","","0"
"","MD0256","ARI DAS","","0"
"","MD0257","ARJUN C.BHOWAL,MS.","","0"
"","MD0258","ARUNANGSHEE BHATTACHARJEE","","0"
"","MD0259","ARUP DE SARKAR, MD.","","0"
"","MD0260","ASHOK KUMAR ACHARYYA","","0"
"","MD0261","ASHOK NAYAK, MS.","","0"
"","MD0262","ASHOKE MUKHERJEE","","0"
"","MD0263","ASISH DASGUPTA","","0"
"","MD0264","ASIT BARAN GHOSH","","0"
"","MD0265","ATANU BISWAS, MD.DM.","","0"
"","MD0266","ATANU ROY, MD.","","0"
"","MD0267","ATUL MISHRA","","150"
"","MD0268","AVINASH GUPTA","","0"
"","MD0269","B. BISWAS (SD HOSPITAL ISLAMPUR","","0"
